epoch,avg_nmi,avg_ari,avg_acc,avg_sil,iterations
19,0.7723309217501201,0.6739818351348194,0.7928847845206685,0.44350618,20
39,0.7421976835898276,0.6137131456066423,0.7352594547053649,0.46366993,20
59,0.7577545566647165,0.6412764538069962,0.7628847845206683,0.4713284,20
79,0.7702322239621182,0.6571579698636747,0.7808619173262973,0.46554604,20
99,0.7735237698653268,0.6653114937380732,0.7876956904133685,0.46947432,20
