epoch,avg_nmi,avg_ari,avg_acc,avg_sil,iterations
19,0.15705564762748764,0.07670994379885161,0.28423315814620165,0.028576653,20
39,0.27527039216252297,0.13600089578110902,0.36383182035355954,0.08272589,20
59,0.3685658957556301,0.20213601961676594,0.4341256569517439,0.15097637,20
79,0.45577349829159025,0.2836676298297126,0.5012422360248447,0.19911805,20
99,0.5294334797445037,0.3638471384645576,0.5719780219780219,0.2295377,20
