epoch,avg_nmi,avg_ari,avg_acc,avg_sil,iterations
19,0.5522532531420199,0.4606531008274506,0.6145136272989142,0.34218192,20
39,0.6651503294726934,0.6088565940099575,0.722690006647463,0.446198,20
59,0.6941333661328756,0.6564087643801733,0.763937513848881,0.49719015,20
79,0.6949583668775947,0.6381958459048259,0.7378129847108352,0.4980567,20
99,0.7033106401447611,0.6491387571645255,0.7385331265233769,0.5012474,20
